,Exam,Organisation,Qualification,Salary,Minage,Maxage,Allowance,ExamMode,Fee,Level,Ptest,Website,Fields,Attempts,Pattempts,Unnamed: 15,Unnamed: 16,Unnamed: 17,Unnamed: 18,Unnamed: 19,Unnamed: 20,Unnamed: 21
0,Indian administrative Service,UPSC,Degree,"56,000-2,50,000",21,32,"General(32),OBC(35),SC/ST(37),Disabled Defence Services Personnel(35),Ex-Servicemen(37),Benchmark Disability â€“ EWS (Economically weaker section)(42)",Offline,Rs 100,"Prelims,Descriptive,Interview",NIL,https://www.upsc.gov.in/,"Sub Divisional Officer,Divisional Commissioner,District Magistrate/District Collector,Chief Secretary,Cabinet Secretary","GENERAL(6),OBC(9),SC/ST(No restriction)","General(9),OBC(9),SC/ST(No restriction)",,,,,,,
1,Indian Forest Service,UPSC,Degree,"60,000-2,50,000",21,30,"SC/ST(35),OBC(33),Jammu kasmir(35),Defence(35),Ex-service man(35),handicapped(40)",Offline,Rs 100,"Prelims,Mains,Personality test",NIL,http://ifs.nic.in/,"Assistant Conservator of Forests/Asst. Dy. Conservator of Forests,Deputy Conservator of Forests,Chief Conservator of Forests,Additional Principal Chief Conservator of Forests,Principal Chief Conservator of Forests (Head of Forest Force)","GENERAL(6),OBC(9),SC/ST(No restriction)","General(9),OBC(9),SC/ST(No restriction)",,,,,,,
2,Indian Police Service,UPSC,Degree,"60,000-2,50,001",21,32,"SC/ST(37),OBS(35),GENERAL(32)",Offline,Rs 100,"Prelims,Mains,Personality test",Yes,ips.gov.in,"Deputy Superintendent of Police,Senior Superintendent of Police,Deputy Inspector General of Police,Inspector-General of Police,Additional Director General of Police,Director-General of Police","GENERAL(6),OBC(9),SC/ST(No restriction)","General(9),OBC(9),SC/ST(No restriction)",,,,,,,
3,Indian Railway Traffic Service,UPSC,Degree,"30,000-1,25,000",21,32,"SC/ST(37),OBC(35),GENERAL(32),DEFENCE(35),EX-SERVICE(38),ECOs(38)",Offline,Rs 100,"Prelims,Descriptive,Interview",yes,http://www.irts.org.in/,"Assistant Commercial Manager,Senior Divisional Commercial Manager,Chief Commercial Manager/ Chief Claims Officer,Chief Commercial Manager","GENERAL(6),OBC(9),SC/ST(No restriction)","General(9),OBC(9),SC/ST(No restriction)",,,,,,,
4,Indian Railway accounts service,UPSC,Degree,"15,000-80,000",21,32,"SC/ST(37),OBC(35),GENERAL(32),DEFENCE(35),EX-SERVICE(38),ECOs(38),handicapped(42)",Offline,Rs 100,"Prelims,Mains,Personality test",NIL,NIL,"Assistant divisional accounts officer,Divisional accounts officer,Sr. divisional accounts officer / Dy. Financial advisor & CAO,Financial advisor & CAO","GENERAL(6),OBC(9),SC/ST(No restriction)","General(9),OBC(9),SC/ST(No restriction)",,,,,,,
5,Indian Railway Personnel Service (IRPS),UPSC,Degree,"15,000-80,001",21,30,"SC/ST(35),OBC(33),Jammu kasmir(35),Defence(35),Ex-service man(35),handicapped(40)",Offline,NIL,"Prelims,Mains,Personality test",NIL,NIL,"Assistant Personnel Officer (APO),Divisional
Personnel Officer (DPO),Sr.
Divisional Personnel
Officer (Sr.DPO) ,Chief Personnel
Officer (CPO)","GENERAL(6),OBC(9),SC/ST(No restriction)","General(9),OBC(9),SC/ST(No restriction)",,,,,,,
6,Indian Information Service (IIS),UPSC,Degree,8000-26000,21,30,NIL,,NIL,"Prelims,Mains,Personality test",NIL,NIL,"Assistant Director,Assistant Press Registrar,Joint Director,Director,Registrar Of Newspapers For India,Director General",NIL,NIL,,,,,,,
7,Combined Defence Services (CDS),UPSC,Degree,"56,000-2,50,000",19,25,NIL,offline,NIL,NIL,NIL,NIL,,,NIL,,,,,,,
8,Indian Audit and Accounts,UPSC,Degree,8000-26000,21,30,"SC/ST(35),OBC(33),Jammu kasmir(35),Defence(35),Ex-service man(35),handicapped(40)",NIL,NIL,"Prelims,Mains,Personality test",NIL,NIL,"Assistant Director,Deputy Director,Director,Principal Director,Director-General,Deputy CAG","GENERAL(6),OBC(9),SC/ST(No restriction)","General(9),OBC(9),SC/ST(No restriction)",,,,,,,
9,"Indian Foreign Service

",UPSC,Degree,NIL,21,30,"SC/ST(35),OBC(33),Jammu kasmir(35),Defence(35),Ex-service man(35),handicapped(40)",NIL,NIL,"Prelims,Mains,Personality test",NIL,NIL,"Third Secretary,Second Secretary,First Secretary,Counsellor,Minister,Ambassador","GENERAL(7),OBC(9),SC/ST(No restriction)",NIL,,,,,,,
10,Indian Engineering Services,UPSC,Degree,NIL,21,30,"SC/ST(35),OBC(33),Jammu kasmir(35),Defence(35),Ex-service man(35),handicapped(40)",NIL, Rs 200,"Prelims,Mains,Personality test",yes,www.upsc.gov.in,NIL,NIL,NIL,,,,,,,
11,,,,,,,,NIL,NIL,NIL,NIL,NIL,NIL,NIL,NIL,,,,,,,
12,,,,,,,,NIL,NIL,NIL,NIL,NIL,NIL,NIL,NIL,,,,,,,
13,Ticket collecter (Railway),RRB,Diploma,5000-20000,18,30,NIL,NIL,NIL,"Written,Verify documents",NIL,NIL,NIL,NIL,NIL,,,,,,,
14,Technician ,isro,Diploma,NIL,18,35,NIL,NIL,Rs 250,NIL,NIL,NIL,NIL,NIL,NIL,,,,,,,
15,Draughtsman-B,isro,Diploma,NIL,18,35,NIL,NIL,Rs 250,NIL,NIL,NIL,NIL,NIL,NIL,,,,,,,
16,Technical Assistant,isro,Diploma,NIL,18,35,NIL,NIL,Rs 250,NIL,NIL,NIL,NIL,NIL,NIL,,,,,,,
17,Scientific Assistant,isro,Diploma,NIL,18,35,NIL,NIL,Rs 250,NIL,NIL,NIL,NIL,NIL,NIL,,,,,,,
18,Fireman-A,isro,Diploma,NIL,18,35,NIL,NIL,Rs 250,NIL,NIL,NIL,NIL,NIL,NIL,,,,,,,
19,Scientific Asst,npcil,Diploma,16000-18000,18,25,NIL,NIL,NIL,NIL,NIL,NIL,NIL,NIL,NIL,,,,,,,
20,Leading Fireman,npcil,Diploma,25000,18,32,NIL,NIL,NIL,NIL,NIL,NIL,NIL,NIL,NIL,,,,,,,
21,Junior Technical Associate,western railway,Diploma,NIL,18,33,"SC/ST(38),OBC(36)",NIL,Rs 250,NIL,NIL,NIL,NIL,NIL,NIL,,,,,,,
22,Designer Gr-IV (mechanical),HSL,Diploma,NIL,NIL,28,NIL,NIL,Rs 200,NIL,NIL,NIL,NIL,NIL,NIL,,,,,,,
23,Designer Gr-IV (electrical),HSL,Diploma,NIL,NIL,28,NIL,NIL, Rs 200,NIL,NIL,NIL,NIL,NIL,NIL,,,,,,,
24,Ship Design Assistants (Mechanical),csl,Diploma,NIL,NIL,30,"OBC(33),SC/ST(35)",NIL,NIL,NIL,NIL,NIL,NIL,NIL,NIL,,,,,,,
25,Ship Design Assistants (Electrical),csl,Diploma,NIL,NIL,30,"OBC(33),SC/ST(35)",NIL,NIL,NIL,NIL,NIL,NIL,NIL,NIL,,,,,,,
26,Grade B Officer -Dr(general),RBI ,degree,Rs 35000,21,30,NIL,Both online &offline,Rs 850,"prelims , mains and interview",no,ibpsonline.ibps.in,NIL,"General - 6 Attemps, SC/ST/PWD-no limit",NIL,,,,,,,
27,Grade B(Dr) - DEPR,RBI ,Degree,Rs 35000,21,30,NIL,Both online &offline,Rs 850,"prelims , mains and interview",no,ibpsonline.ibps.in,NIL,"General - 6 Attemps, SC/ST/PWD-no limit",NIL,,,,,,,
28,Grade B(Dr) - DSIM@,RBI ,Degree,Rs 35000,21,30,NIL,Both online &offline,Rs 850,"prelims , mains and interview",no,ibpsonline.ibps.in,NIL,"General - 6 Attemps, SC/ST/PWD-no limit",NIL,,,,,,,
29,Junior Engineer (civil),RBI ,diploma,Rs21400,20,30,NIL,online,Rs450,"Online exam , LPT",no,m.rbi.org.in,NIL,NIL,NIL,,,,,,,
30,Junior Engineer (electrical),RBI ,Diploma,Rs 21400,20,30,NIL,online,Rs 450,"Online exam , LPT",no,m.rbi.org.in,NIL,NIL,NIL,,,,,,,
31,Merchant Banker,INDBANK,Degree,Rs 8.00 -12.00 L p.a,NIL,40,NIL,NIL,NIL,Interview,NIL,m.rbi.org.in,NIL,NIL,NIL,,,,,,,
32,Research analysts,INDBANK,Degree,Rs 4.00 - 6.00 L p.a,NIL,35,NIL,NIL,NIL,Interview,NIL,m.rbi.org.in,NIL,NIL,NIL,,,,,,,
33,System officer,INDBANK,Degree,Rs 2.50 - 3.00 L p.a,21,30,NIL,NIL,NIL,Interview,NIL,m.rbi.org.in,NIL,NIL,NIL,,,,,,,
34,Secretarial officer-dealer (stock broking),INDBANK,Degree,Rs 2.50 - 3.00 L p.a,21,30,NIL,NIL,NIL,Interview,NIL,m.rbi.org.in,NIL,NIL,NIL,,,,,,,
35,Secretarial officer-trainee (back office staff),INDBANK,Degree,Rs 9000 - 15000 p.m,21,30,NIL,NIL,NIL,Interview,NIL,m.rbi.org.in,NIL,NIL,NIL,,,,,,,
36,Engineer(fire),SBI SO,Degree,NIL,NIL,40,NIL,NIL,NIL,Interview,NIL,NIL,NIL,NIL,NIL,,,,,,,
37,Deputy manager (internal audit),SBI SO,Degree,NIL,21,35,NIL,NIL,NIL,Interview,NIL,NIL,NIL,NIL,NIL,,,,,,,
38,Manager (network security specialist),SBI SO,Degree,NIL,NIL,45,NIL,NIL,NIL,Interview,NIL,NIL,NIL,NIL,NIL,,,,,,,
39,Manager(network routing &specialist ),SBI SO,Degree,NIL,NIL,45,NIL,NIL,NIL,Interview,NIL,NIL,NIL,NIL,NIL,,,,,,,
40,Assistant manager(security analyst),SBI SO,Degree,NIL,NIL,28,NIL,NIL,NIL,Interview,NIL,NIL,NIL,NIL,NIL,,,,,,,
41,Deputy manager(security analyst),SBI SO,Degree,NIL,NIL,33,NIL,NIL,NIL,Interview,NIL,NIL,NIL,NIL,NIL,,,,,,,
42,Assistant manager (systems),SBI SO,Degree,NIL,NIL,30,NIL,NIL,NIL,Interview,NIL,NIL,NIL,NIL,NIL,,,,,,,
43,Deputy manager (system),SBI SO,Degree,NIL,NIL,33,NIL,NIL,NIL,Interview,NIL,NIL,NIL,NIL,NIL,,,,,,,
44,IT security expert,SBI SO,Degree,NIL,NIL,38,NIL,NIL,NIL,Interview,NIL,NIL,NIL,NIL,NIL,,,,,,,
45,Project Manager,SBI SO,Degree,NIL,NIL,38,NIL,NIL,NIL,Interview,NIL,NIL,NIL,NIL,NIL,,,,,,,
46,Application architect,SBI SO,Degree,NIL,NIL,38,NIL,NIL,NIL,Interview,NIL,NIL,NIL,NIL,NIL,,,,,,,
47,Technical head,SBI SO,Degree,NIL,NIL,38,NIL,NIL,NIL,Interview,NIL,NIL,NIL,NIL,NIL,,,,,,,
48,Manager (marketing),SBI SO,Degree,NIL,NIL,40,NIL,NIL,NIL,Interview,NIL,NIL,NIL,NIL,NIL,,,,,,,
49,Deputy manager (marketing),SBI SO,Degree,NIL,NIL,35,NIL,NIL,NIL,Interview,NIL,NIL,NIL,NIL,NIL,,,,,,,
50,Bank 's medical consultant,RBI , Degree,NIL,NIL,NIL,NIL,NIL,NIL,Interview,NIL,NIL,NIL,NIL,NIL,,,,,,,
51,Security Guard,RBI ,SSLC,NIL,NIL,30,General(25) OBC(28) SC/ST(30),NIL,Rs 50,Interview,YES,m.rbi.org.in,NIL,NIL,NIL,,,,,,,
52,Apprentices(ITI),BLW,SSLC,NIL,15,22,NIL,NIL,Rs 100,"endurance test , written",yes,NIL,NIL,NIL,NIL,,,,,,,
53,Apprentices(Non ITI),BLW,SSLC,NIL,15,22,NIL,NIL,Rs 100,"endurance test , written",yes,NIL,NIL,NIL,NIL,,,,,,,
54,Multi tasking staff (Non technical),SSC MTS,SSLC,Rs 5200 - 20200,18,25,NIL,NIL,Rs 100,"CBE , DV , DTE",NIL,NIL,NIL,NIL,NIL,,,,,,,
55,Insurance Representative,LIC,SSLC,NIL,18,45,NIL,NIL,NIL,NIL,NIL,rojgar.mahaswayam.gov.in,NIL,NIL,NIL,,,,,,,
56,Part time insurance advisor,LIC,Degree,NIL,18,45,NIL,NIL,NIL,NIL,NIL,NIL,NIL,NIL,NIL,,,,,,,
57,Insurance advisor,LIC,SSLC,Rs 20000,18,45,NIL,NIL,NIL,NIL,NIL,NIL,NIL,NIL,NIL,,,,,,,
58,Part time insurance advisor(Sales&marketing),LIC,Degree,Rs 7000 - 25000,18,25,NIL,NIL,NIL,NIL,NIL,www.ncs.gov.in,NIL,NIL,NIL,,,,,,,
59,Marketing executive,NBT,Degree,Rs 25000 - 35000,25,40,NIL,NIL,NIL,NIL,NIL,NIL,NIL,NIL,NIL,,,,,,,
60,Assistant director,NBT,Degree,Rs56100-177500,18,35,NIL,NIL,Rs 500,Test / interview,NIL,www.nbtindia.gov.in,NIL,NIL,NIL,,,,,,,
61,Assistant director (production),NBT,Degree,Rs56100-177501,18,35,NIL,NIL,Rs 500,Test / interview,NIL,www.nbtindia.gov.in,NIL,NIL,NIL,,,,,,,
62,Assistant editor,NBT,Degree,Rs56100-177502,18,35,NIL,NIL,Rs 500,Test / interview,NIL,www.nbtindia.gov.in,NIL,NIL,NIL,,,,,,,
63,Production Assistant,NBT,Degree,Rs 35400 - 112400,18,30,NIL,NIL,Rs 500,Test / interview,NIL,www.nbtindia.gov.in,NIL,NIL,NIL,,,,,,,
64,Editorial Assistant,NBT,Degree,Rs 35400 - 112401,18,30,NIL,NIL,Rs 500,Test / interview,NIL,www.nbtindia.gov.in,NIL,NIL,NIL,,,,,,,
65,Accountant,NBT,Degree,Rs 35400 - 112402,18,30,NIL,NIL,Rs 500,Test / interview,NIL,www.nbtindia.gov.in,NIL,NIL,NIL,,,,,,,
66,Senior Stenographer,NBT,Degree,Rs 35400 - 112403,18,30,NIL,NIL,Rs 500,Test / interview,NIL,www.nbtindia.gov.in,NIL,NIL,NIL,,,,,,,
67,Assistant,NBT,Degree,Rs 35400 - 112404,18,30,NIL,NIL,Rs 500,Test / interview,NIL,www.nbtindia.gov.in,NIL,NIL,NIL,,,,,,,
68,Librarian,NBT,Degree,Rs 35400 - 112405,18,30,NIL,NIL,Rs 500,Test / interview,NIL,www.nbtindia.gov.in,NIL,NIL,NIL,,,,,,,
69,Junior Translator(Hindi),NBT,Degree,Rs 35400 - 112406,18,30,NIL,NIL,Rs 500,Test / interview,NIL,www.nbtindia.gov.in,NIL,NIL,NIL,,,,,,,
70,Library assistant,NBT,Degree,Rs 29200 - 92300,18,30,NIL,NIL,Rs 500,Test / interview,NIL,www.nbtindia.gov.in,NIL,NIL,NIL,,,,,,,
71,Junior artist,NBT,Degree,Rs 25500 - 81100,18,25,NIL,NIL,Rs 500,Test / interview,NIL,www.nbtindia.gov.in,NIL,NIL,NIL,,,,,,,
72,Driver,NBT,Degree,Rs 19900 - 63200,18,25,NIL,NIL,Rs 500,Test / interview,NIL,www.nbtindia.gov.in,NIL,NIL,NIL,,,,,,,
73,Grade IV (peon),PNRD,HSLC,Rs 12000-52000,18,40,NIL,NIL,RS 1000,Testimonilas / DV,NIL,www.rural.assamgov.in,NIL,NIL,NIL,,,,,,,
74,Grade IV (PRI LEVEL),PNRD,HSLC,Rs 12000-52001,18,40,NIL,NIL,Rs 1000,Testimonilas / DV,NIL,www.rural.assamgov.in,NIL,NIL,NIL,,,,,,,
75,"Staff nurse , Grade II",WBHRB,Degree,Rs 29800,18,39,NIL,NIL,Rs 160,Interview,NIL,wbhrb.in,NIL,NIL,NIL,,,,,,,
76,Driver,WBHRB,Degree,Rs 22700,18,40,NIL,NIL,Rs 160,Driving test /interview,NIL,wbhrb.in,NIL,NIL,NIL,,,,,,,
77,Medical officer specialist,WBHRB,Degree,Rs 15600 - 42000,NIL,40,NIL,NIL,Rs 210,Preliminary / interview,NIL,wbhrb.in,NIL,NIL,NIL,,,,,,,
78,General duty medical officer (GDMO),WBHRB,Degree,Rs 15600 - 42001,NIL,36,NIL,NIL,Rs 211,Preliminary / interview,NIL,wbhrb.in,NIL,NIL,NIL,,,,,,,
79,Medical Technologist (Lab) Gr -III,WBHRB,Diploma,NIL,21,39,NIL,NIL,Rs 160,Examination / interview,NIL,wbhrb.in,NIL,NIL,NIL,,,,,,,
80,Medical Technologist (OT) Gr -III,WBHRB,Diploma,NIL,21,39,NIL,NIL,Rs 160,Examination / interview,NIL,wbhrb.in,NIL,NIL,NIL,,,,,,,
81,Medical Technologist (ECG) Gr -III,WBHRB,Diploma,NIL,21,39,NIL,NIL,Rs 160,Examination / interview,NIL,wbhrb.in,NIL,NIL,NIL,,,,,,,
82,Medical Technologist (Critical care) Gr -III,WBHRB,Diploma,NIL,21,39,NIL,NIL,Rs 160,Examination / interview,NIL,wbhrb.in,NIL,NIL,NIL,,,,,,,
83,Medical Technologist (P&O) Gr -III,WBHRB,Diploma,NIL,21,39,NIL,NIL,Rs 160,Examination / interview,NIL,wbhrb.in,NIL,NIL,NIL,,,,,,,
84,Medical Technologist (EEG/EMG) Gr -III,WBHRB,Diploma,NIL,21,39,NIL,NIL,Rs 160,Examination / interview,NIL,wbhrb.in,NIL,NIL,NIL,,,,,,,
85,project manager,CDAC,Degree,Rs 919200.00 pa,NIL,50,NIL,NIL,NIL,Written test / interview,NIL,cdaac.in,NIL,NIL,NIL,,,,,,,
86,project manager (5-10 yrs experience),CDAC,Degree,Rs677700.0 pa,NIL,50,NIL,NIL,NIL,Written test / interview,NIL,cdaac.in,NIL,NIL,NIL,,,,,,,
87,project manager (2-5 yrs experience),CDAC,Degree,Rs677700.0 pa,NIL,50,NIL,NIL,NIL,Written test / interview,NIL,cdaac.in,NIL,NIL,NIL,,,,,,,
88,Project engineer (developer),CDAC,Degree,Rs 31000 - 36158,NIL,37,NIL,NIL,Rs 500,Personal interview,NIL,cdaac.in,NIL,NIL,NIL,,,,,,,
89,Project engineer(senior developer),CDAC,Degree,Rs 39051 - 45549,NIL,37,NIL,NIL,Rs 500,Personal interview,NIL,cdaac.in,NIL,NIL,NIL,,,,,,,
90,Project engineer (junior developer),CDAC,Degree,Rs 14580,NIL,30,NIL,NIL,Rs 500,Personal interview,NIL,cdaac.in,NIL,NIL,NIL,,,,,,,
91,Sub inspector AP,RPSC SI,Degree,NIL,20,25,NIL,NIL,Rs350,Written competitive /interview,yes,sso.rajasthan.gov.in,NIL,NIL,NIL,,,,,,,
92,Sub inspector IB,RPSC SI,Degree,NIL,20,25,NIL,NIL,Rs350,Written competitive /interview,yes,sso.rajasthan.gov.in,NIL,NIL,NIL,,,,,,,
93,Platoon commander,RPSC SI,Degree,NIL,20,25,NIL,NIL,Rs350,Written competitive /interview,yes,sso.rajasthan.gov.in,NIL,NIL,NIL,,,,,,,
94,sub inspector MBC,RPSC SI,Degree,NIL,20,25,NIL,NIL,Rs350,Written competitive /interview,yes,sso.rajasthan.gov.in,NIL,NIL,NIL,,,,,,,
95,Medical Officer,MPPSC,Degree,Rs 15600 - 39100,21,40,NIL,NIL,Rs 500,Interview,NIL,www.mponline.gov.in,NIL,NIL,NIL,,,,,,,
96,Director,ISRO,Degree,NIL,NIL,58,NIL,NIL,NIL,Interview,NIL,www.isro.gov.in,NIL,NIL,NIL,,,,,,,
97,Technician Apprentice ,ISRO,Degree,Rs 8000 p m,NIL,35,NIL,NIL,NIL,Interview,NIL,www.isro.gov.in,NIL,NIL,NIL,,,,,,,
98,Scientist engineer / technical assitant,ISRO,Degree,Rs 67700-208700,NIL,na,NIL,NIL,NIL,Interview,NIL,www.isro.gov.in,NIL,NIL,NIL,,,,,,,
99,Data entry operator,DSRVS,Degree,Rs 11500- 19200,18,35,NIL,NIL,Rs 550,"Screening ,written",NIL,www.dsrvs.com,NIL,NIL,NIL,,,,,,,
100,web designer,DSRVS,Degree,Rs 11500- 19201,18,35,NIL,NIL,Rs 550,"Screening ,written",NIL,www.dsrvs.com,NIL,NIL,NIL,,,,,,,
101,Content writer,DSRVS,Degree,Rs 11500- 19202,18,35,NIL,NIL,Rs 550,"Screening ,written",NIL,www.dsrvs.com,NIL,NIL,NIL,,,,,,,
102,Office assistant,DSRVS,Degree,Rs 11500- 19203,18,35,NIL,NIL,Rs 550,"Screening ,written",NIL,www.dsrvs.com,NIL,NIL,NIL,,,,,,,
103,Computer networking technician,DSRVS,Degree,Rs 11500- 19204,18,35,NIL,NIL,Rs 550,"Screening ,written",NIL,www.dsrvs.com,NIL,NIL,NIL,,,,,,,
104,Priniciple Designer,NID,Degree,Rs 123100-215900,NIL,30,NIL,NIL,Rs1000,"Written , interview",NIL,www.nidh.ac.in,NIL,NIL,NIL,,,,,,,
105,Senior designer,NID,Degree,Rs 78800 - 209200,NIL,35,NIL,NIL,Rs1000,"Written , interview",NIL,www.nidh.ac.in,NIL,NIL,NIL,,,,,,,
106,Associate Senior designer,NID,Degree,Rs 67700-208700,NIL,40,NIL,NIL,Rs1000,"Written , interview",NIL,www.nidh.ac.in,NIL,NIL,NIL,,,,,,,
107,Priniciple technical instructor,NID,Degree,Rs 67700-208700,NIL,45,NIL,NIL,Rs1000,"Written , interview",NIL,www.nidh.ac.in,NIL,NIL,NIL,,,,,,,
108,ST Technical Instructor,NID,Degree,Rs 56100 - 177500,NIL,30,NIL,NIL,Rs1000,"Written , interview",NIL,www.nidh.ac.in,NIL,NIL,NIL,,,,,,,
109,Designer/faculty,NID,Degree,Rs 56100 - 177500,NIL,30,NIL,NIL,Rs1000,"Written , interview",NIL,www.nidh.ac.in,NIL,NIL,NIL,,,,,,,
110,Joint Director (Group A),NTA,Degree,Rs 78800 - 209200,NIL,45,NIL,NIL,Rs 1600,Written /interview,NIL,jobs.nta.ac.in,NIL,NIL,NIL,,,,,,,
111,Deputy Director(Group B),NTA,Degree,Rs 67700-208700,NIL,45,NIL,NIL,Rs 1600,Written /interview,NIL,jobs.nta.ac.in,NIL,NIL,NIL,,,,,,,
112,Assistant Director(Group A),NTA,Degree,Rs 56100 - 177500,NIL,45,NIL,NIL,Rs 1600,Written /interview,NIL,jobs.nta.ac.in,NIL,NIL,NIL,,,,,,,
113,Senior Programmer(Group A),NTA,Degree,Rs 67700-208700,NIL,45,NIL,NIL,Rs 1600,Written /interview,NIL,jobs.nta.ac.in,NIL,NIL,NIL,,,,,,,
114,Programmer(Group A),NTA,Degree,Rs 56100 - 177500,NIL,45,NIL,NIL,Rs 1600,Written /interview,NIL,jobs.nta.ac.in,NIL,NIL,NIL,,,,,,,
115,Research scientist C (Group A),NTA,Degree,NIL,NIL,45,NIL,NIL,Rs 1600,Written /interview,NIL,jobs.nta.ac.in,NIL,NIL,NIL,,,,,,,
116,Research scientist A (Group A),NTA,Degree,NIL,NIL,45,NIL,NIL,Rs 1600,Written /interview,NIL,jobs.nta.ac.in,NIL,NIL,NIL,,,,,,,
117,Senior Superintendent (accounts),NTA,Degree,Rs 44900-142400,NIL,45,NIL,NIL,Rs 1600,Written /interview,NIL,jobs.nta.ac.in,NIL,NIL,NIL,,,,,,,
118,Stenographer (Group B),NTA,Degree,Rs35400-112400,NIL,45,NIL,NIL,Rs 1600,Written /interview,NIL,jobs.nta.ac.in,NIL,NIL,NIL,,,,,,,
119,Senior Assistant (Accounts) (Group B),NTA,Degree,Rs 35400 - 112400,NIL,45,NIL,NIL,Rs 1600,Written /interview,NIL,jobs.nta.ac.in,NIL,NIL,NIL,,,,,,,
120,Senior Technician (Group B),NTA,Degree,Rs 35400 - 112400,NIL,45,NIL,NIL,Rs 1600,Written /interview,NIL,jobs.nta.ac.in,NIL,NIL,NIL,,,,,,,
121,Assistant account(Group c),NTA,Degree,NIL,NIL,45,NIL,NIL,Rs 1600,Written /interview,NIL,jobs.nta.ac.in,NIL,NIL,NIL,,,,,,,
122,Junior Assistant Accounts(Group C),NTA,Degree,NIL,NIL,45,NIL,NIL,Rs 1600,Written /interview,NIL,jobs.nta.ac.in,NIL,NIL,NIL,,,,,,,
123,Junior Technical (Group C),NTA,Degree,NIL,NIL,45,NIL,NIL,Rs 1600,Written /interview,NIL,jobs.nta.ac.in,NIL,NIL,NIL,,,,,,,
124,Junior Technical Officer,IITM,Degree,Rs 44900 - 142400,NIL,30,NIL,NIL,NIL,Interview,NIL,www.tropmet.res.in,NIL,NIL,NIL,,,,,,,
125,Upper Division clerk ,IITM,Degree,Rs 25500 - 81100,NIL,28,NIL,NIL,NIL,"Written test ,computer knowledge test ",NIL,www.tropmet.res.in,NIL,NIL,NIL,,,,,,,
126,Mechanic Grade ,IITM,Diploma,Rs 19900 - 63200 ,NIL,25,NIL,NIL,NIL,Written test &skill test,NIL,www.tropmet.res.in,NIL,NIL,NIL,,,,,,,
127,Junior Manager (Operation),FSNL,Degree,Rs 40000,NIL,30,NIL,NIL,Rs 500,Interview,NIL,www.fsnl.co.in,NIL,NIL,NIL,,,,,,,
128,Junior Manager (Maintainence) Mechanical,FSNL,Degree,Rs 40000,NIL,30,NIL,NIL,Rs 500,Interview,NIL,www.fsnl.co.in,NIL,NIL,NIL,,,,,,,
129,Junior Manager (Maintainence) Electrical,FSNL,Degree,Rs 40000,NIL,30,NIL,NIL,Rs 500,Interview,NIL,www.fsnl.co.in,NIL,NIL,NIL,,,,,,,
130,Junior Manager (Materials management),FSNL,Degree,Rs 40000,NIL,30,NIL,NIL,Rs 500,Interview,NIL,www.fsnl.co.in,NIL,NIL,NIL,,,,,,,
131,Junior Manager(Finance&accounts),FSNL,Degree,Rs 40000,NIL,30,NIL,NIL,Rs 500,Interview,NIL,www.fsnl.co.in,NIL,NIL,NIL,,,,,,,
132,Junior Manager(Personal & Administration),FSNL,Degree,Rs 40000,NIL,30,NIL,NIL,Rs 500,Interview,NIL,www.fsnl.co.in,NIL,NIL,NIL,,,,,,,
133,Assistant General Manager (Personal & Administration),FSNL,Degree,Rs 90000,NIL,34,NIL,NIL,Rs 500,Interview,NIL,www.fsnl.co.in,NIL,NIL,NIL,,,,,,,
134,ITI,IRDE,Diploma,NIL,NIL,NIL,NIL,NIL,NIL,basics of Qualification,NIL,www.mhrdnats.gov.in,NIL,NIL,NIL,,,,,,,
135,Technician Apprentice ,IRDE,Diploma,NIL,NIL,NIL,NIL,NIL,NIL,basics of Qualification,NIL,www.mhrdnats.gov.in,NIL,NIL,NIL,,,,,,,
136,Technician (Vocation Training),IRDE,Diploma,NIL,NIL,NIL,NIL,NIL,NIL,basics of Qualification,NIL,www.mhrdnats.gov.in,NIL,NIL,NIL,,,,,,,
137,Graduate Apprentice,IRDE,Diploma,NIL,NIL,NIL,NIL,NIL,NIL,basics of Qualification,NIL,www.mhrdnats.gov.in,NIL,NIL,NIL,,,,,,,
138,Junior Research - Electronics engineering,IRDE,Degree,Rs 31000,NIL,28,NIL,NIL,NIL,Interview,NIL,www.mhrdnats.gov.in,NIL,NIL,NIL,,,,,,,
139,Junior Research - Computer Science,IRDE,Degree,Rs 31001,NIL,28,NIL,NIL,NIL,Interview,NIL,www.mhrdnats.gov.in,NIL,NIL,NIL,,,,,,,
140,Assistant Manager (P/Way),MMRDA,Degree ,Rs 56100 - 177500,NIL,45,NIL,NIL,NIL,basics of Qualification,NIL,mmrda.maharashtra.gov.in,NIL,NIL,NIL,,,,,,,
141,Station Manager,MMRDA,Degree ,Rs 9300 - 34800,NIL,41,NIL,NIL,NIL,basics of Qualification,NIL,mmrda.maharashtra.gov.in,NIL,NIL,NIL,,,,,,,
142,Chief Traffic Controller,MMRDA,Degree ,Rs 9300 - 34800,NIL,42,NIL,NIL,NIL,basics of Qualification,NIL,mmrda.maharashtra.gov.in,NIL,NIL,NIL,,,,,,,
143,Senior Section Engineer,MMRDA,Degree ,Rs 47600 - 151100,NIL,61,NIL,NIL,NIL,basics of Qualification,NIL,mmrda.maharashtra.gov.in,NIL,NIL,NIL,,,,,,,
144,Section Engineer,MMRDA,Degree ,Rs 41800 - 132300,NIL,61,NIL,NIL,NIL,basics of Qualification,NIL,mmrda.maharashtra.gov.in,NIL,NIL,NIL,,,,,,,
145,Senior Section Engineer (Civil),MMRDA,Degree ,Rs 41800 - 132300,NIL,61,NIL,NIL,NIL,basics of Qualification,NIL,mmrda.maharashtra.gov.in,NIL,NIL,NIL,,,,,,,
146,Section Engineer (Civil),MMRDA,Degree ,Rs 41800 - 132300,NIL,61,NIL,NIL,NIL,basics of Qualification,NIL,mmrda.maharashtra.gov.in,NIL,NIL,NIL,,,,,,,
147,Senior Section Engineer (S&T),MMRDA,Degree ,Rs 41800 - 132300,NIL,61,NIL,NIL,NIL,basics of Qualification,NIL,mmrda.maharashtra.gov.in,NIL,NIL,NIL,,,,,,,
148,Section Engineer (S&T),MMRDA,Degree ,Rs 41800 - 132300,NIL,61,NIL,NIL,NIL,basics of Qualification,NIL,mmrda.maharashtra.gov.in,NIL,NIL,NIL,,,,,,,
149,Supervisor (Customer Relation),MMRDA,Degree ,Rs 9300 - 34800,NIL,40,NIL,NIL,NIL,basics of Qualification,NIL,mmrda.maharashtra.gov.in,NIL,NIL,NIL,,,,,,,
150,Supervisor (Tech . oprs),IGM,Degree ,Rs 26000-100000,18,30,NIL,NIL,NIL,"Online examination ,trade test",NIL,igmkolkata.spmcil.com,NIL,NIL,NIL,,,,,,,
151,Engraver - III,IGM,Degree(BA),Rs 8500-20850,18,28,NIL,NIL,NIL,"Online examination ,trade test",NIL,igmkolkata.spmcil.com,NIL,NIL,NIL,,,,,,,
152,Junior Office Assistant,IGM,Degree,Rs 8350 - 20470,18,28,NIL,NIL,NIL,"Online examination ,trade test",NIL,igmkolkata.spmcil.com,NIL,NIL,NIL,,,,,,,
153,Junior Bullion Assistant ,IGM,Degree,Rs 8350 - 20471,18,28,NIL,NIL,NIL,"Online examination ,trade test",NIL,igmkolkata.spmcil.com,NIL,NIL,NIL,,,,,,,
154,Junior Technician,IGM,Degree,Rs 7750 - 19040,18,25,NIL,NIL,NIL,"Online examination ,trade test",NIL,igmkolkata.spmcil.com,NIL,NIL,NIL,,,,,,,
155,Junior Engineer (Trainee) civil,UPPCL,Diploma,Rs 44900 p m,18,40,NIL,NIL,Rs 1000,CBT,NIL,www.upenergy.in,NIL,NIL,NIL,,,,,,,
156,Driver Cum Pump Operator,NPCIL,HSC,Rs 21700,NIL,NIL,NIL,NIL,NIL,Written . skill  test,NIL,www.npcilcareers.co.in,NIL,NIL,NIL,,,,,,,
157,Scientific Assistant / C,NPCIL, Diploma,Rs 44900,NIL,NIL,NIL,NIL,NIL,Written . skill  test,NIL,www.npcilcareers.co.in,NIL,NIL,NIL,,,,,,,
158,Assistant Grade 1 (HR),NPCIL,Degree,Rs 25500,NIL,NIL,NIL,NIL,NIL,Written . skill  test,NIL,www.npcilcareers.co.in,NIL,NIL,NIL,,,,,,,
159,Assistant Grade 1 (F&A),NPCIL,Degree,Rs 25500,NIL,NIL,NIL,NIL,NIL,Written . skill  test,NIL,www.npcilcareers.co.in,NIL,NIL,NIL,,,,,,,
160,Assistant Grade 1 (C&MM),NPCIL,Degree,Rs 25500,NIL,NIL,NIL,NIL,NIL,Written . skill  test,NIL,www.npcilcareers.co.in,NIL,NIL,NIL,,,,,,,
161,Stenographer Grade 1,NPCIL,Degree,Rs 25500,NIL,NIL,NIL,NIL,NIL,Written . skill  test,NIL,www.npcilcareers.co.in,NIL,NIL,NIL,,,,,,,
162,Junior Commercial Assistant,CSL,Diploma,NIL,NIL,NIL,NIL,NIL,NIL,"Descriptive , Interview",NIL,cochinshipyard.com,NIL,NIL,NIL,,,,,,,
163,Storekeeper,CSL,Diploma,NIL,NIL,NIL,NIL,NIL,NIL,"Descriptive , Interview",NIL,cochinshipyard.com,NIL,NIL,NIL,,,,,,,
164,Accountant,CSL,PG,Rs 28000 - 110000,NIL,45,NIL,NIL,NIL,"Descriptive , Interview",NIL,cochinshipyard.com,NIL,NIL,NIL,,,,,,,
165,Assistant General Manager(Mechnical),CSL,Degree,Rs 50000 - 160000,NIL,55,NIL,NIL,NIL,"Descriptive , Interview",NIL,cochinshipyard.com,NIL,NIL,NIL,,,,,,,
166,Deputy Manager (Safety),CSL,Degree,Rs 50000 - 160000,NIL,45,NIL,NIL,NIL,"Descriptive , Interview",NIL,cochinshipyard.com,NIL,NIL,NIL,,,,,,,
167,Deputy Manager(Weapons),CSL,Degree,Rs 50000 - 160000,NIL,45,NIL,NIL,NIL,"Descriptive , Interview",NIL,cochinshipyard.com,NIL,NIL,NIL,,,,,,,
168,Senior Ship Draftman(mechnical),CSL, Diploma,Rs 23500 - 77000,NIL,35,NIL,NIL,NIL,"Phase I ,II",NIL,cochinshipyard.com,NIL,NIL,NIL,,,,,,,
169,Senior Ship Draftman(Electrical),CSL, Diploma,Rs 23500 - 77001,NIL,35,NIL,NIL,NIL,"Phase I ,II",NIL,cochinshipyard.com,NIL,NIL,NIL,,,,,,,
170,Senior Ship Draftman(electronics),CSL, Diploma,Rs 23500 - 77002,NIL,35,NIL,NIL,NIL,"Phase I ,II",NIL,cochinshipyard.com,NIL,NIL,NIL,,,,,,,
171,Junior Technical Assistant (safety),CSL,Diploma,Rs 23500 - 77003,NIL,35,NIL,NIL,NIL,"Phase I ,II",NIL,cochinshipyard.com,NIL,NIL,NIL,,,,,,,
172,Engineering gradute Apprentices,HAL,Degree,Rs 9000 p m,NIL,NIL,NIL,NIL,NIL,"DV , Based on marks",NIL,www.mhrdnats.gov.in,NIL,NIL,NIL,,,,,,,
173,Technician Diploma Apprentices,HAL,Degree,Rs 8000 p m ,NIL,NIL,NIL,NIL,NIL,"DV , Based on marks",NIL,www.mhrdnats.gov.in,NIL,NIL,NIL,,,,,,,
174,Junior secretariat assistance (General),CSMCRI,SSLC ,NIL,NIL,28,NIL,NIL,Rs 100,"OMR , Written",NIL,www.csmcri.res.in,NIL,NIL,NIL,,,,,,,
175,Junior secretariat assistance (Finance &accounts),CSMCRI,SSLC ,NIL,NIL,28,NIL,NIL,Rs 100,"OMR , Written",NIL,www.csmcri.res.in,NIL,NIL,NIL,,,,,,,
176,Junior secretariat assistance (stores & purchase),CSMCRI,SSLC ,NIL,NIL,28,NIL,NIL,Rs 100,"OMR , Written",NIL,www.csmcri.res.in,NIL,NIL,NIL,,,,,,,
177,Assistant (Electrician),MIDHANI,SSLC,Rs 23680,NIL,30,NIL,NIL,NIL,"Written test , trade test",NIL,midhani-india.in,NIL,NIL,NIL,,,,,,,
178,Assistant(instrumentation),MIDHANI,SSLC,Rs 23680,NIL,30,NIL,NIL,NIL,"Written test , trade test",NIL,midhani-india.in,NIL,NIL,NIL,,,,,,,
179,Assistant (turners),MIDHANI,SSLC,Rs 23680,NIL,30,NIL,NIL,NIL,"Written test , trade test",NIL,midhani-india.in,NIL,NIL,NIL,,,,,,,
180,Junior Technician,MIDHANI,Diploma,Rs 25930,NIL,35,NIL,NIL,NIL,"Written test , trade test",NIL,midhani-india.in,NIL,NIL,NIL,,,,,,,
181,Operator Fluidised bed reactor for CNT,MIDHANI,Diploma,Rs 25930,NIL,35,NIL,NIL,NIL,"Written test , trade test",NIL,midhani-india.in,NIL,NIL,NIL,,,,,,,
182,Operator - CNC Fibre Cutting Machine,MIDHANI,Diploma,Rs 25930,NIL,35,NIL,NIL,NIL,"Written test , trade test",NIL,midhani-india.in,NIL,NIL,NIL,,,,,,,
183,Operator - Hydraulic Press for Ballistic panel moulding,MIDHANI,SSLC + ITI,Rs 25930,NIL,35,NIL,NIL,NIL,"Written test , trade test",NIL,midhani-india.in,NIL,NIL,NIL,,,,,,,
184,Operator - Autoclave,MIDHANI,SSLC,Rs 25930,NIL,35,NIL,NIL,NIL,"Written test , trade test",NIL,midhani-india.in,NIL,NIL,NIL,,,,,,,
185,Junior Artisan - welder,MIDHANI,SSLC,Rs 25930,NIL,35,NIL,NIL,NIL,"Written test , trade test",NIL,midhani-india.in,NIL,NIL,NIL,,,,,,,
186,Junior staff Nurse,MIDHANI,Degree(B.sc),Rs 25930,NIL,35,NIL,NIL,NIL,"Written test , trade test",NIL,midhani-india.in,NIL,NIL,NIL,,,,,,,
187,Cinema projectionist,MHOW,SSLC,Rs 29200 - 92300,18,25,NIL,NIL,NIL,Written . skill  test ,yes,indianarmy.nic.in,NIL,NIL,NIL,,,,,,,
188,Stenographer grade 2,MHOW,SSLC,Rs 25500- 81100,18,25,NIL,NIL,NIL,Written . skill  test ,yes,indianarmy.nic.in,NIL,NIL,NIL,,,,,,,
189,lower division clerk,MHOW,SSLC,Rs 19900 - 63200,18,25,NIL,NIL,NIL,Written . skill  test ,yes,indianarmy.nic.in,NIL,NIL,NIL,,,,,,,
190,civilian motor driver,MHOW,SSLC,Rs 19900 - 63200,18,27,NIL,NIL,NIL,Written . skill  test ,yes,indianarmy.nic.in,NIL,NIL,NIL,,,,,,,
191,electrician,MHOW,SSLC,Rs 19900 - 63200,18,27,NIL,NIL,NIL,Written . skill  test ,yes,indianarmy.nic.in,NIL,NIL,NIL,,,,,,,
192,cook,MHOW,SSLC,Rs 19900 - 63200,18,27,NIL,NIL,NIL,Written . skill  test ,yes,indianarmy.nic.in,NIL,NIL,NIL,,,,,,,
193,Poster maker,MHOW,SSLC,RS 18000 - 56900,18,27,NIL,NIL,NIL,Written . skill  test ,yes,indianarmy.nic.in,NIL,NIL,NIL,,,,,,,
194,MTS(Watchman),MHOW,SSLC,RS 18000 - 56900,18,27,NIL,NIL,NIL,Written . skill  test ,yes,indianarmy.nic.in,NIL,NIL,NIL,,,,,,,
195,MTS(Safaiwala),MHOW,SSLC,RS 18000 - 56900,18,27,NIL,NIL,NIL,Written . skill  test ,yes,indianarmy.nic.in,NIL,NIL,NIL,,,,,,,
196,MTS(Gardner),MHOW,SSLC,RS 18000 - 56900,18,27,NIL,NIL,NIL,Written . skill  test ,yes,indianarmy.nic.in,NIL,NIL,NIL,,,,,,,
197,Fatigue man,MHOW,SSLC,RS 18000 - 56900,18,27,NIL,NIL,NIL,Written . skill  test ,yes,indianarmy.nic.in,NIL,NIL,NIL,,,,,,,
198,Cycle fitter,MHOW,SSLC,RS 18000 - 56900,18,27,NIL,NIL,NIL,Written . skill  test ,yes,indianarmy.nic.in,NIL,NIL,NIL,,,,,,,
199,Tradesman Mate ,INCET,SSLC/ITI,NIL,18,25,NIL,NIL,205,NIL,NIL,NIL,NIL,NIL,NIL,,,,,,,
200,NDA ,UPSC,Degree,NIL,NIL,NIL,NIL,NIL,NIL,NIL,NIL,NIL,NIL,NIL,NIL,,,,,,,
201,Assistant Coach,SAI,Diploma,"35,000-78,000",NIL,56,NIL,NIL,NIL,interview,NIL,NIL,NIL,NIL,NIL,,,,,,,
202,Executive (SSC),INDIAN NAVY,Degree,NIL,19,24,NIL,NIL,NIL,NIL,NIL,NIL,NIL,NIL,NIL,,,,,,,
203,,,,,,,,,,,,,,,,,,,,,,
204,,,,,,,,,,,,,,,,,,,,,,
205,,,,,,,,,,,,,,,,,,,,,,
206,,,,,,,,,,,,,,,,,,,,,,
207,,,,,,,,,,,,,,,,,,,,,,
208,,,,,,,,,,,,,,,,,,,,,,
209,,,,,,,,,,,,,,,,,,,,,,
210,,,,,,,,,,,,,,,,,,,,,,
211,,,,,,,,,,,,,,,,,,,,,,
212,,,,,,,,,,,,,,,,,,,,,,
213,,,,,,,,,,,,,,,,,,,,,,
214,,,,,,,,,,,,,,,,,,,,,,
215,,,,,,,,,,,,,,,,,,,,,,
216,,,,,,,,,,,,,,,,,,,,,,
217,,,,,,,,,,,,,,,,,,,,,,
218,,,,,,,,,,,,,,,,,,,,,,
219,,,,,,,,,,,,,,,,,,,,,,
220,,,,,,,,,,,,,,,,,,,,,,
221,,,,,,,,,,,,,,,,,,,,,,
222,,,,,,,,,,,,,,,,,,,,,,
223,,,,,,,,,,,,,,,,,,,,,,
224,,,,,,,,,,,,,,,,,,,,,,
225,,,,,,,,,,,,,,,,,,,,,,
226,,,,,,,,,,,,,,,,,,,,,,
227,,,,,,,,,,,,,,,,,,,,,,
228,,,,,,,,,,,,,,,,,,,,,,
229,,,,,,,,,,,,,,,,,,,,,,
230,,,,,,,,,,,,,,,,,,,,,,
231,,,,,,,,,,,,,,,,,,,,,,
232,,,,,,,,,,,,,,,,,,,,,,
233,,,,,,,,,,,,,,,,,,,,,,
234,,,,,,,,,,,,,,,,,,,,,,
235,,,,,,,,,,,,,,,,,,,,,,
236,,,,,,,,,,,,,,,,,,,,,,
237,,,,,,,,,,,,,,,,,,,,,,
238,,,,,,,,,,,,,,,,,,,,,,
239,,,,,,,,,,,,,,,,,,,,,,
240,,,,,,,,,,,,,,,,,,,,,,
241,,,,,,,,,,,,,,,,,,,,,,
242,,,,,,,,,,,,,,,,,,,,,,
243,,,,,,,,,,,,,,,,,,,,,,
244,,,,,,,,,,,,,,,,,,,,,,
245,,,,,,,,,,,,,,,,,,,,,,
246,,,,,,,,,,,,,,,,,,,,,,
247,,,,,,,,,,,,,,,,,,,,,,
248,,,,,,,,,,,,,,,,,,,,,,
249,,,,,,,,,,,,,,,,,,,,,,
250,,,,,,,,,,,,,,,,,,,,,,
251,,,,,,,,,,,,,,,,,,,,,,
252,,,,,,,,,,,,,,,,,,,,,,
253,,,,,,,,,,,,,,,,,,,,,,
254,,,,,,,,,,,,,,,,,,,,,,
255,,,,,,,,,,,,,,,,,,,,,,
256,,,,,,,,,,,,,,,,,,,,,,
257,,,,,,,,,,,,,,,,,,,,,,
258,,,,,,,,,,,,,,,,,,,,,,
259,,,,,,,,,,,,,,,,,,,,,,
260,,,,,,,,,,,,,,,,,,,,,,
261,,,,,,,,,,,,,,,,,,,,,,
262,,,,,,,,,,,,,,,,,,,,,,
263,,,,,,,,,,,,,,,,,,,,,,
264,,,,,,,,,,,,,,,,,,,,,,
265,,,,,,,,,,,,,,,,,,,,,,
266,,,,,,,,,,,,,,,,,,,,,,
267,,,,,,,,,,,,,,,,,,,,,,
268,,,,,,,,,,,,,,,,,,,,,,
269,,,,,,,,,,,,,,,,,,,,,,
270,,,,,,,,,,,,,,,,,,,,,,
271,,,,,,,,,,,,,,,,,,,,,,
272,,,,,,,,,,,,,,,,,,,,,,
273,,,,,,,,,,,,,,,,,,,,,,
274,,,,,,,,,,,,,,,,,,,,,,
275,,,,,,,,,,,,,,,,,,,,,,
276,,,,,,,,,,,,,,,,,,,,,,
277,,,,,,,,,,,,,,,,,,,,,,
278,,,,,,,,,,,,,,,,,,,,,,
279,,,,,,,,,,,,,,,,,,,,,,
280,,,,,,,,,,,,,,,,,,,,,,
281,,,,,,,,,,,,,,,,,,,,,,
282,,,,,,,,,,,,,,,,,,,,,,
283,,,,,,,,,,,,,,,,,,,,,,
284,,,,,,,,,,,,,,,,,,,,,,
285,,,,,,,,,,,,,,,,,,,,,,
286,,,,,,,,,,,,,,,,,,,,,,
287,,,,,,,,,,,,,,,,,,,,,,
288,,,,,,,,,,,,,,,,,,,,,,
289,,,,,,,,,,,,,,,,,,,,,,
290,,,,,,,,,,,,,,,,,,,,,,
291,,,,,,,,,,,,,,,,,,,,,,
292,,,,,,,,,,,,,,,,,,,,,,
293,,,,,,,,,,,,,,,,,,,,,,
294,,,,,,,,,,,,,,,,,,,,,,
295,,,,,,,,,,,,,,,,,,,,,,
296,,,,,,,,,,,,,,,,,,,,,,
297,,,,,,,,,,,,,,,,,,,,,,
298,,,,,,,,,,,,,,,,,,,,,,
299,,,,,,,,,,,,,,,,,,,,,,
300,,,,,,,,,,,,,,,,,,,,,,
301,,,,,,,,,,,,,,,,,,,,,,
302,,,,,,,,,,,,,,,,,,,,,,
303,,,,,,,,,,,,,,,,,,,,,,
304,,,,,,,,,,,,,,,,,,,,,,
305,,,,,,,,,,,,,,,,,,,,,,
306,,,,,,,,,,,,,,,,,,,,,,
307,,,,,,,,,,,,,,,,,,,,,,
308,,,,,,,,,,,,,,,,,,,,,,
309,,,,,,,,,,,,,,,,,,,,,,
310,,,,,,,,,,,,,,,,,,,,,,
311,,,,,,,,,,,,,,,,,,,,,,
312,,,,,,,,,,,,,,,,,,,,,,
313,,,,,,,,,,,,,,,,,,,,,,
314,,,,,,,,,,,,,,,,,,,,,,
315,,,,,,,,,,,,,,,,,,,,,,
316,,,,,,,,,,,,,,,,,,,,,,
317,,,,,,,,,,,,,,,,,,,,,,
318,,,,,,,,,,,,,,,,,,,,,,
319,,,,,,,,,,,,,,,,,,,,,,
320,,,,,,,,,,,,,,,,,,,,,,
321,,,,,,,,,,,,,,,,,,,,,,
322,,,,,,,,,,,,,,,,,,,,,,
323,,,,,,,,,,,,,,,,,,,,,,
324,,,,,,,,,,,,,,,,,,,,,,
325,,,,,,,,,,,,,,,,,,,,,,
326,,,,,,,,,,,,,,,,,,,,,,
327,,,,,,,,,,,,,,,,,,,,,,
328,,,,,,,,,,,,,,,,,,,,,,
329,,,,,,,,,,,,,,,,,,,,,,
330,,,,,,,,,,,,,,,,,,,,,,
331,,,,,,,,,,,,,,,,,,,,,,
332,,,,,,,,,,,,,,,,,,,,,,
333,,,,,,,,,,,,,,,,,,,,,,
334,,,,,,,,,,,,,,,,,,,,,,
335,,,,,,,,,,,,,,,,,,,,,,
336,,,,,,,,,,,,,,,,,,,,,,
337,,,,,,,,,,,,,,,,,,,,,,
338,,,,,,,,,,,,,,,,,,,,,,
339,,,,,,,,,,,,,,,,,,,,,,
340,,,,,,,,,,,,,,,,,,,,,,
341,,,,,,,,,,,,,,,,,,,,,,
342,,,,,,,,,,,,,,,,,,,,,,
343,,,,,,,,,,,,,,,,,,,,,,
344,,,,,,,,,,,,,,,,,,,,,,
345,,,,,,,,,,,,,,,,,,,,,,
346,,,,,,,,,,,,,,,,,,,,,,
347,,,,,,,,,,,,,,,,,,,,,,
348,,,,,,,,,,,,,,,,,,,,,,
349,,,,,,,,,,,,,,,,,,,,,,
350,,,,,,,,,,,,,,,,,,,,,,
351,,,,,,,,,,,,,,,,,,,,,,
352,,,,,,,,,,,,,,,,,,,,,,
353,,,,,,,,,,,,,,,,,,,,,,
354,,,,,,,,,,,,,,,,,,,,,,
355,,,,,,,,,,,,,,,,,,,,,,
356,,,,,,,,,,,,,,,,,,,,,,
357,,,,,,,,,,,,,,,,,,,,,,
358,,,,,,,,,,,,,,,,,,,,,,
359,,,,,,,,,,,,,,,,,,,,,,
360,,,,,,,,,,,,,,,,,,,,,,
361,,,,,,,,,,,,,,,,,,,,,,
362,,,,,,,,,,,,,,,,,,,,,,
363,,,,,,,,,,,,,,,,,,,,,,
364,,,,,,,,,,,,,,,,,,,,,,
365,,,,,,,,,,,,,,,,,,,,,,
366,,,,,,,,,,,,,,,,,,,,,,
367,,,,,,,,,,,,,,,,,,,,,,
368,,,,,,,,,,,,,,,,,,,,,,
369,,,,,,,,,,,,,,,,,,,,,,
370,,,,,,,,,,,,,,,,,,,,,,
371,,,,,,,,,,,,,,,,,,,,,,
372,,,,,,,,,,,,,,,,,,,,,,
373,,,,,,,,,,,,,,,,,,,,,,
374,,,,,,,,,,,,,,,,,,,,,,
375,,,,,,,,,,,,,,,,,,,,,,
376,,,,,,,,,,,,,,,,,,,,,,
377,,,,,,,,,,,,,,,,,,,,,,
378,,,,,,,,,,,,,,,,,,,,,,
379,,,,,,,,,,,,,,,,,,,,,,
380,,,,,,,,,,,,,,,,,,,,,,
381,,,,,,,,,,,,,,,,,,,,,,
382,,,,,,,,,,,,,,,,,,,,,,
383,,,,,,,,,,,,,,,,,,,,,,
384,,,,,,,,,,,,,,,,,,,,,,
385,,,,,,,,,,,,,,,,,,,,,,
386,,,,,,,,,,,,,,,,,,,,,,
387,,,,,,,,,,,,,,,,,,,,,,
388,,,,,,,,,,,,,,,,,,,,,,
389,,,,,,,,,,,,,,,,,,,,,,
390,,,,,,,,,,,,,,,,,,,,,,
391,,,,,,,,,,,,,,,,,,,,,,
392,,,,,,,,,,,,,,,,,,,,,,
393,,,,,,,,,,,,,,,,,,,,,,
394,,,,,,,,,,,,,,,,,,,,,,
395,,,,,,,,,,,,,,,,,,,,,,
396,,,,,,,,,,,,,,,,,,,,,,
397,,,,,,,,,,,,,,,,,,,,,,
398,,,,,,,,,,,,,,,,,,,,,,
399,,,,,,,,,,,,,,,,,,,,,,
400,,,,,,,,,,,,,,,,,,,,,,
401,,,,,,,,,,,,,,,,,,,,,,
402,,,,,,,,,,,,,,,,,,,,,,
403,,,,,,,,,,,,,,,,,,,,,,
404,,,,,,,,,,,,,,,,,,,,,,
405,,,,,,,,,,,,,,,,,,,,,,
406,,,,,,,,,,,,,,,,,,,,,,
407,,,,,,,,,,,,,,,,,,,,,,
408,,,,,,,,,,,,,,,,,,,,,,
409,,,,,,,,,,,,,,,,,,,,,,
410,,,,,,,,,,,,,,,,,,,,,,
411,,,,,,,,,,,,,,,,,,,,,,
412,,,,,,,,,,,,,,,,,,,,,,
413,,,,,,,,,,,,,,,,,,,,,,
414,,,,,,,,,,,,,,,,,,,,,,
415,,,,,,,,,,,,,,,,,,,,,,
416,,,,,,,,,,,,,,,,,,,,,,
417,,,,,,,,,,,,,,,,,,,,,,
418,,,,,,,,,,,,,,,,,,,,,,
419,,,,,,,,,,,,,,,,,,,,,,
420,,,,,,,,,,,,,,,,,,,,,,
421,,,,,,,,,,,,,,,,,,,,,,
422,,,,,,,,,,,,,,,,,,,,,,
423,,,,,,,,,,,,,,,,,,,,,,
424,,,,,,,,,,,,,,,,,,,,,,
425,,,,,,,,,,,,,,,,,,,,,,
426,,,,,,,,,,,,,,,,,,,,,,
427,,,,,,,,,,,,,,,,,,,,,,
428,,,,,,,,,,,,,,,,,,,,,,
429,,,,,,,,,,,,,,,,,,,,,,
430,,,,,,,,,,,,,,,,,,,,,,
431,,,,,,,,,,,,,,,,,,,,,,
432,,,,,,,,,,,,,,,,,,,,,,
433,,,,,,,,,,,,,,,,,,,,,,
434,,,,,,,,,,,,,,,,,,,,,,
435,,,,,,,,,,,,,,,,,,,,,,
436,,,,,,,,,,,,,,,,,,,,,,
437,,,,,,,,,,,,,,,,,,,,,,
438,,,,,,,,,,,,,,,,,,,,,,
439,,,,,,,,,,,,,,,,,,,,,,
440,,,,,,,,,,,,,,,,,,,,,,
441,,,,,,,,,,,,,,,,,,,,,,
442,,,,,,,,,,,,,,,,,,,,,,
443,,,,,,,,,,,,,,,,,,,,,,
444,,,,,,,,,,,,,,,,,,,,,,
445,,,,,,,,,,,,,,,,,,,,,,
446,,,,,,,,,,,,,,,,,,,,,,
447,,,,,,,,,,,,,,,,,,,,,,
448,,,,,,,,,,,,,,,,,,,,,,
449,,,,,,,,,,,,,,,,,,,,,,
450,,,,,,,,,,,,,,,,,,,,,,
451,,,,,,,,,,,,,,,,,,,,,,
452,,,,,,,,,,,,,,,,,,,,,,
453,,,,,,,,,,,,,,,,,,,,,,
454,,,,,,,,,,,,,,,,,,,,,,
455,,,,,,,,,,,,,,,,,,,,,,
456,,,,,,,,,,,,,,,,,,,,,,
457,,,,,,,,,,,,,,,,,,,,,,
458,,,,,,,,,,,,,,,,,,,,,,
459,,,,,,,,,,,,,,,,,,,,,,
460,,,,,,,,,,,,,,,,,,,,,,
461,,,,,,,,,,,,,,,,,,,,,,
462,,,,,,,,,,,,,,,,,,,,,,
463,,,,,,,,,,,,,,,,,,,,,,
464,,,,,,,,,,,,,,,,,,,,,,
465,,,,,,,,,,,,,,,,,,,,,,
466,,,,,,,,,,,,,,,,,,,,,,
467,,,,,,,,,,,,,,,,,,,,,,
468,,,,,,,,,,,,,,,,,,,,,,
469,,,,,,,,,,,,,,,,,,,,,,
470,,,,,,,,,,,,,,,,,,,,,,
471,,,,,,,,,,,,,,,,,,,,,,
472,,,,,,,,,,,,,,,,,,,,,,
473,,,,,,,,,,,,,,,,,,,,,,
474,,,,,,,,,,,,,,,,,,,,,,
475,,,,,,,,,,,,,,,,,,,,,,
476,,,,,,,,,,,,,,,,,,,,,,
477,,,,,,,,,,,,,,,,,,,,,,
478,,,,,,,,,,,,,,,,,,,,,,
479,,,,,,,,,,,,,,,,,,,,,,
480,,,,,,,,,,,,,,,,,,,,,,
481,,,,,,,,,,,,,,,,,,,,,,
482,,,,,,,,,,,,,,,,,,,,,,
483,,,,,,,,,,,,,,,,,,,,,,
484,,,,,,,,,,,,,,,,,,,,,,
485,,,,,,,,,,,,,,,,,,,,,,
486,,,,,,,,,,,,,,,,,,,,,,
487,,,,,,,,,,,,,,,,,,,,,,
488,,,,,,,,,,,,,,,,,,,,,,
489,,,,,,,,,,,,,,,,,,,,,,
490,,,,,,,,,,,,,,,,,,,,,,
491,,,,,,,,,,,,,,,,,,,,,,
492,,,,,,,,,,,,,,,,,,,,,,
493,,,,,,,,,,,,,,,,,,,,,,
494,,,,,,,,,,,,,,,,,,,,,,
495,,,,,,,,,,,,,,,,,,,,,,
496,,,,,,,,,,,,,,,,,,,,,,
497,,,,,,,,,,,,,,,,,,,,,,
498,,,,,,,,,,,,,,,,,,,,,,
499,,,,,,,,,,,,,,,,,,,,,,
500,,,,,,,,,,,,,,,,,,,,,,
501,,,,,,,,,,,,,,,,,,,,,,
502,,,,,,,,,,,,,,,,,,,,,,
503,,,,,,,,,,,,,,,,,,,,,,
504,,,,,,,,,,,,,,,,,,,,,,
505,,,,,,,,,,,,,,,,,,,,,,
506,,,,,,,,,,,,,,,,,,,,,,
507,,,,,,,,,,,,,,,,,,,,,,
508,,,,,,,,,,,,,,,,,,,,,,
509,,,,,,,,,,,,,,,,,,,,,,
510,,,,,,,,,,,,,,,,,,,,,,
511,,,,,,,,,,,,,,,,,,,,,,
512,,,,,,,,,,,,,,,,,,,,,,
513,,,,,,,,,,,,,,,,,,,,,,
514,,,,,,,,,,,,,,,,,,,,,,
515,,,,,,,,,,,,,,,,,,,,,,
516,,,,,,,,,,,,,,,,,,,,,,
517,,,,,,,,,,,,,,,,,,,,,,
518,,,,,,,,,,,,,,,,,,,,,,
519,,,,,,,,,,,,,,,,,,,,,,
520,,,,,,,,,,,,,,,,,,,,,,
521,,,,,,,,,,,,,,,,,,,,,,
522,,,,,,,,,,,,,,,,,,,,,,
523,,,,,,,,,,,,,,,,,,,,,,
524,,,,,,,,,,,,,,,,,,,,,,
525,,,,,,,,,,,,,,,,,,,,,,
526,,,,,,,,,,,,,,,,,,,,,,
527,,,,,,,,,,,,,,,,,,,,,,
528,,,,,,,,,,,,,,,,,,,,,,
529,,,,,,,,,,,,,,,,,,,,,,
530,,,,,,,,,,,,,,,,,,,,,,
531,,,,,,,,,,,,,,,,,,,,,,
532,,,,,,,,,,,,,,,,,,,,,,
533,,,,,,,,,,,,,,,,,,,,,,
534,,,,,,,,,,,,,,,,,,,,,,
535,,,,,,,,,,,,,,,,,,,,,,
536,,,,,,,,,,,,,,,,,,,,,,
537,,,,,,,,,,,,,,,,,,,,,,
538,,,,,,,,,,,,,,,,,,,,,,
539,,,,,,,,,,,,,,,,,,,,,,
540,,,,,,,,,,,,,,,,,,,,,,
541,,,,,,,,,,,,,,,,,,,,,,
542,,,,,,,,,,,,,,,,,,,,,,
543,,,,,,,,,,,,,,,,,,,,,,
544,,,,,,,,,,,,,,,,,,,,,,
545,,,,,,,,,,,,,,,,,,,,,,
546,,,,,,,,,,,,,,,,,,,,,,
547,,,,,,,,,,,,,,,,,,,,,,
548,,,,,,,,,,,,,,,,,,,,,,
549,,,,,,,,,,,,,,,,,,,,,,
550,,,,,,,,,,,,,,,,,,,,,,
551,,,,,,,,,,,,,,,,,,,,,,
552,,,,,,,,,,,,,,,,,,,,,,
553,,,,,,,,,,,,,,,,,,,,,,
554,,,,,,,,,,,,,,,,,,,,,,
555,,,,,,,,,,,,,,,,,,,,,,
556,,,,,,,,,,,,,,,,,,,,,,
557,,,,,,,,,,,,,,,,,,,,,,
558,,,,,,,,,,,,,,,,,,,,,,
559,,,,,,,,,,,,,,,,,,,,,,
560,,,,,,,,,,,,,,,,,,,,,,
561,,,,,,,,,,,,,,,,,,,,,,
562,,,,,,,,,,,,,,,,,,,,,,
563,,,,,,,,,,,,,,,,,,,,,,
564,,,,,,,,,,,,,,,,,,,,,,
565,,,,,,,,,,,,,,,,,,,,,,
566,,,,,,,,,,,,,,,,,,,,,,
567,,,,,,,,,,,,,,,,,,,,,,
568,,,,,,,,,,,,,,,,,,,,,,
569,,,,,,,,,,,,,,,,,,,,,,
570,,,,,,,,,,,,,,,,,,,,,,
571,,,,,,,,,,,,,,,,,,,,,,
572,,,,,,,,,,,,,,,,,,,,,,
573,,,,,,,,,,,,,,,,,,,,,,
574,,,,,,,,,,,,,,,,,,,,,,
575,,,,,,,,,,,,,,,,,,,,,,
576,,,,,,,,,,,,,,,,,,,,,,
577,,,,,,,,,,,,,,,,,,,,,,
578,,,,,,,,,,,,,,,,,,,,,,
579,,,,,,,,,,,,,,,,,,,,,,
580,,,,,,,,,,,,,,,,,,,,,,
581,,,,,,,,,,,,,,,,,,,,,,
582,,,,,,,,,,,,,,,,,,,,,,
583,,,,,,,,,,,,,,,,,,,,,,
584,,,,,,,,,,,,,,,,,,,,,,
585,,,,,,,,,,,,,,,,,,,,,,
586,,,,,,,,,,,,,,,,,,,,,,
587,,,,,,,,,,,,,,,,,,,,,,
588,,,,,,,,,,,,,,,,,,,,,,
589,,,,,,,,,,,,,,,,,,,,,,
590,,,,,,,,,,,,,,,,,,,,,,
591,,,,,,,,,,,,,,,,,,,,,,
592,,,,,,,,,,,,,,,,,,,,,,
593,,,,,,,,,,,,,,,,,,,,,,
594,,,,,,,,,,,,,,,,,,,,,,
595,,,,,,,,,,,,,,,,,,,,,,
596,,,,,,,,,,,,,,,,,,,,,,
597,,,,,,,,,,,,,,,,,,,,,,
598,,,,,,,,,,,,,,,,,,,,,,
599,,,,,,,,,,,,,,,,,,,,,,
600,,,,,,,,,,,,,,,,,,,,,,
601,,,,,,,,,,,,,,,,,,,,,,
602,,,,,,,,,,,,,,,,,,,,,,
603,,,,,,,,,,,,,,,,,,,,,,
604,,,,,,,,,,,,,,,,,,,,,,
605,,,,,,,,,,,,,,,,,,,,,,
606,,,,,,,,,,,,,,,,,,,,,,
607,,,,,,,,,,,,,,,,,,,,,,
608,,,,,,,,,,,,,,,,,,,,,,
609,,,,,,,,,,,,,,,,,,,,,,
610,,,,,,,,,,,,,,,,,,,,,,
611,,,,,,,,,,,,,,,,,,,,,,
612,,,,,,,,,,,,,,,,,,,,,,
613,,,,,,,,,,,,,,,,,,,,,,
614,,,,,,,,,,,,,,,,,,,,,,
615,,,,,,,,,,,,,,,,,,,,,,
616,,,,,,,,,,,,,,,,,,,,,,
617,,,,,,,,,,,,,,,,,,,,,,
618,,,,,,,,,,,,,,,,,,,,,,
619,,,,,,,,,,,,,,,,,,,,,,
620,,,,,,,,,,,,,,,,,,,,,,
621,,,,,,,,,,,,,,,,,,,,,,
622,,,,,,,,,,,,,,,,,,,,,,
623,,,,,,,,,,,,,,,,,,,,,,
624,,,,,,,,,,,,,,,,,,,,,,
625,,,,,,,,,,,,,,,,,,,,,,
626,,,,,,,,,,,,,,,,,,,,,,
627,,,,,,,,,,,,,,,,,,,,,,
628,,,,,,,,,,,,,,,,,,,,,,
629,,,,,,,,,,,,,,,,,,,,,,
630,,,,,,,,,,,,,,,,,,,,,,
631,,,,,,,,,,,,,,,,,,,,,,
632,,,,,,,,,,,,,,,,,,,,,,
633,,,,,,,,,,,,,,,,,,,,,,
634,,,,,,,,,,,,,,,,,,,,,,
635,,,,,,,,,,,,,,,,,,,,,,
636,,,,,,,,,,,,,,,,,,,,,,
637,,,,,,,,,,,,,,,,,,,,,,
638,,,,,,,,,,,,,,,,,,,,,,
639,,,,,,,,,,,,,,,,,,,,,,
640,,,,,,,,,,,,,,,,,,,,,,
641,,,,,,,,,,,,,,,,,,,,,,
642,,,,,,,,,,,,,,,,,,,,,,
643,,,,,,,,,,,,,,,,,,,,,,
644,,,,,,,,,,,,,,,,,,,,,,
645,,,,,,,,,,,,,,,,,,,,,,
646,,,,,,,,,,,,,,,,,,,,,,
647,,,,,,,,,,,,,,,,,,,,,,
648,,,,,,,,,,,,,,,,,,,,,,
649,,,,,,,,,,,,,,,,,,,,,,
650,,,,,,,,,,,,,,,,,,,,,,
651,,,,,,,,,,,,,,,,,,,,,,
652,,,,,,,,,,,,,,,,,,,,,,
653,,,,,,,,,,,,,,,,,,,,,,
654,,,,,,,,,,,,,,,,,,,,,,
655,,,,,,,,,,,,,,,,,,,,,,
656,,,,,,,,,,,,,,,,,,,,,,
657,,,,,,,,,,,,,,,,,,,,,,
658,,,,,,,,,,,,,,,,,,,,,,
659,,,,,,,,,,,,,,,,,,,,,,
660,,,,,,,,,,,,,,,,,,,,,,
661,,,,,,,,,,,,,,,,,,,,,,
662,,,,,,,,,,,,,,,,,,,,,,
663,,,,,,,,,,,,,,,,,,,,,,
664,,,,,,,,,,,,,,,,,,,,,,
665,,,,,,,,,,,,,,,,,,,,,,
666,,,,,,,,,,,,,,,,,,,,,,
667,,,,,,,,,,,,,,,,,,,,,,
668,,,,,,,,,,,,,,,,,,,,,,
669,,,,,,,,,,,,,,,,,,,,,,
670,,,,,,,,,,,,,,,,,,,,,,
671,,,,,,,,,,,,,,,,,,,,,,
672,,,,,,,,,,,,,,,,,,,,,,
673,,,,,,,,,,,,,,,,,,,,,,
674,,,,,,,,,,,,,,,,,,,,,,
675,,,,,,,,,,,,,,,,,,,,,,
676,,,,,,,,,,,,,,,,,,,,,,
677,,,,,,,,,,,,,,,,,,,,,,
678,,,,,,,,,,,,,,,,,,,,,,
679,,,,,,,,,,,,,,,,,,,,,,
680,,,,,,,,,,,,,,,,,,,,,,
681,,,,,,,,,,,,,,,,,,,,,,
682,,,,,,,,,,,,,,,,,,,,,,
683,,,,,,,,,,,,,,,,,,,,,,
684,,,,,,,,,,,,,,,,,,,,,,
685,,,,,,,,,,,,,,,,,,,,,,
686,,,,,,,,,,,,,,,,,,,,,,
687,,,,,,,,,,,,,,,,,,,,,,
688,,,,,,,,,,,,,,,,,,,,,,
689,,,,,,,,,,,,,,,,,,,,,,
690,,,,,,,,,,,,,,,,,,,,,,
691,,,,,,,,,,,,,,,,,,,,,,
692,,,,,,,,,,,,,,,,,,,,,,
693,,,,,,,,,,,,,,,,,,,,,,
694,,,,,,,,,,,,,,,,,,,,,,
695,,,,,,,,,,,,,,,,,,,,,,
696,,,,,,,,,,,,,,,,,,,,,,
697,,,,,,,,,,,,,,,,,,,,,,
698,,,,,,,,,,,,,,,,,,,,,,
699,,,,,,,,,,,,,,,,,,,,,,
700,,,,,,,,,,,,,,,,,,,,,,
701,,,,,,,,,,,,,,,,,,,,,,
702,,,,,,,,,,,,,,,,,,,,,,
703,,,,,,,,,,,,,,,,,,,,,,
704,,,,,,,,,,,,,,,,,,,,,,
705,,,,,,,,,,,,,,,,,,,,,,
706,,,,,,,,,,,,,,,,,,,,,,
707,,,,,,,,,,,,,,,,,,,,,,
708,,,,,,,,,,,,,,,,,,,,,,
709,,,,,,,,,,,,,,,,,,,,,,
710,,,,,,,,,,,,,,,,,,,,,,
711,,,,,,,,,,,,,,,,,,,,,,
712,,,,,,,,,,,,,,,,,,,,,,
713,,,,,,,,,,,,,,,,,,,,,,
714,,,,,,,,,,,,,,,,,,,,,,
715,,,,,,,,,,,,,,,,,,,,,,
716,,,,,,,,,,,,,,,,,,,,,,
717,,,,,,,,,,,,,,,,,,,,,,
718,,,,,,,,,,,,,,,,,,,,,,
719,,,,,,,,,,,,,,,,,,,,,,
720,,,,,,,,,,,,,,,,,,,,,,
721,,,,,,,,,,,,,,,,,,,,,,
722,,,,,,,,,,,,,,,,,,,,,,
723,,,,,,,,,,,,,,,,,,,,,,
724,,,,,,,,,,,,,,,,,,,,,,
725,,,,,,,,,,,,,,,,,,,,,,
726,,,,,,,,,,,,,,,,,,,,,,
727,,,,,,,,,,,,,,,,,,,,,,
728,,,,,,,,,,,,,,,,,,,,,,
729,,,,,,,,,,,,,,,,,,,,,,
730,,,,,,,,,,,,,,,,,,,,,,
731,,,,,,,,,,,,,,,,,,,,,,
732,,,,,,,,,,,,,,,,,,,,,,
733,,,,,,,,,,,,,,,,,,,,,,
734,,,,,,,,,,,,,,,,,,,,,,
735,,,,,,,,,,,,,,,,,,,,,,
736,,,,,,,,,,,,,,,,,,,,,,
737,,,,,,,,,,,,,,,,,,,,,,
738,,,,,,,,,,,,,,,,,,,,,,
739,,,,,,,,,,,,,,,,,,,,,,
740,,,,,,,,,,,,,,,,,,,,,,
741,,,,,,,,,,,,,,,,,,,,,,
742,,,,,,,,,,,,,,,,,,,,,,
743,,,,,,,,,,,,,,,,,,,,,,
744,,,,,,,,,,,,,,,,,,,,,,
745,,,,,,,,,,,,,,,,,,,,,,
746,,,,,,,,,,,,,,,,,,,,,,
747,,,,,,,,,,,,,,,,,,,,,,
748,,,,,,,,,,,,,,,,,,,,,,
749,,,,,,,,,,,,,,,,,,,,,,
750,,,,,,,,,,,,,,,,,,,,,,
751,,,,,,,,,,,,,,,,,,,,,,
752,,,,,,,,,,,,,,,,,,,,,,
753,,,,,,,,,,,,,,,,,,,,,,
754,,,,,,,,,,,,,,,,,,,,,,
755,,,,,,,,,,,,,,,,,,,,,,
756,,,,,,,,,,,,,,,,,,,,,,
757,,,,,,,,,,,,,,,,,,,,,,
758,,,,,,,,,,,,,,,,,,,,,,
759,,,,,,,,,,,,,,,,,,,,,,
760,,,,,,,,,,,,,,,,,,,,,,
761,,,,,,,,,,,,,,,,,,,,,,
762,,,,,,,,,,,,,,,,,,,,,,
763,,,,,,,,,,,,,,,,,,,,,,
764,,,,,,,,,,,,,,,,,,,,,,
765,,,,,,,,,,,,,,,,,,,,,,
766,,,,,,,,,,,,,,,,,,,,,,
767,,,,,,,,,,,,,,,,,,,,,,
768,,,,,,,,,,,,,,,,,,,,,,
769,,,,,,,,,,,,,,,,,,,,,,
770,,,,,,,,,,,,,,,,,,,,,,
771,,,,,,,,,,,,,,,,,,,,,,
772,,,,,,,,,,,,,,,,,,,,,,
773,,,,,,,,,,,,,,,,,,,,,,
774,,,,,,,,,,,,,,,,,,,,,,
775,,,,,,,,,,,,,,,,,,,,,,
776,,,,,,,,,,,,,,,,,,,,,,
777,,,,,,,,,,,,,,,,,,,,,,
778,,,,,,,,,,,,,,,,,,,,,,
779,,,,,,,,,,,,,,,,,,,,,,
780,,,,,,,,,,,,,,,,,,,,,,
781,,,,,,,,,,,,,,,,,,,,,,
782,,,,,,,,,,,,,,,,,,,,,,
783,,,,,,,,,,,,,,,,,,,,,,
784,,,,,,,,,,,,,,,,,,,,,,
785,,,,,,,,,,,,,,,,,,,,,,
786,,,,,,,,,,,,,,,,,,,,,,
787,,,,,,,,,,,,,,,,,,,,,,
788,,,,,,,,,,,,,,,,,,,,,,
789,,,,,,,,,,,,,,,,,,,,,,
790,,,,,,,,,,,,,,,,,,,,,,
791,,,,,,,,,,,,,,,,,,,,,,
792,,,,,,,,,,,,,,,,,,,,,,
793,,,,,,,,,,,,,,,,,,,,,,
794,,,,,,,,,,,,,,,,,,,,,,
795,,,,,,,,,,,,,,,,,,,,,,
796,,,,,,,,,,,,,,,,,,,,,,
797,,,,,,,,,,,,,,,,,,,,,,
798,,,,,,,,,,,,,,,,,,,,,,
799,,,,,,,,,,,,,,,,,,,,,,
800,,,,,,,,,,,,,,,,,,,,,,
801,,,,,,,,,,,,,,,,,,,,,,
802,,,,,,,,,,,,,,,,,,,,,,
803,,,,,,,,,,,,,,,,,,,,,,
804,,,,,,,,,,,,,,,,,,,,,,
805,,,,,,,,,,,,,,,,,,,,,,
806,,,,,,,,,,,,,,,,,,,,,,
807,,,,,,,,,,,,,,,,,,,,,,
808,,,,,,,,,,,,,,,,,,,,,,
809,,,,,,,,,,,,,,,,,,,,,,
810,,,,,,,,,,,,,,,,,,,,,,
811,,,,,,,,,,,,,,,,,,,,,,
812,,,,,,,,,,,,,,,,,,,,,,
813,,,,,,,,,,,,,,,,,,,,,,
814,,,,,,,,,,,,,,,,,,,,,,
815,,,,,,,,,,,,,,,,,,,,,,
816,,,,,,,,,,,,,,,,,,,,,,
817,,,,,,,,,,,,,,,,,,,,,,
818,,,,,,,,,,,,,,,,,,,,,,
819,,,,,,,,,,,,,,,,,,,,,,
820,,,,,,,,,,,,,,,,,,,,,,
821,,,,,,,,,,,,,,,,,,,,,,
822,,,,,,,,,,,,,,,,,,,,,,
823,,,,,,,,,,,,,,,,,,,,,,
824,,,,,,,,,,,,,,,,,,,,,,
825,,,,,,,,,,,,,,,,,,,,,,
826,,,,,,,,,,,,,,,,,,,,,,
827,,,,,,,,,,,,,,,,,,,,,,
828,,,,,,,,,,,,,,,,,,,,,,
829,,,,,,,,,,,,,,,,,,,,,,
830,,,,,,,,,,,,,,,,,,,,,,
831,,,,,,,,,,,,,,,,,,,,,,
832,,,,,,,,,,,,,,,,,,,,,,
833,,,,,,,,,,,,,,,,,,,,,,
834,,,,,,,,,,,,,,,,,,,,,,
835,,,,,,,,,,,,,,,,,,,,,,
836,,,,,,,,,,,,,,,,,,,,,,
837,,,,,,,,,,,,,,,,,,,,,,
838,,,,,,,,,,,,,,,,,,,,,,
839,,,,,,,,,,,,,,,,,,,,,,
840,,,,,,,,,,,,,,,,,,,,,,
841,,,,,,,,,,,,,,,,,,,,,,
842,,,,,,,,,,,,,,,,,,,,,,
843,,,,,,,,,,,,,,,,,,,,,,
844,,,,,,,,,,,,,,,,,,,,,,
845,,,,,,,,,,,,,,,,,,,,,,
846,,,,,,,,,,,,,,,,,,,,,,
847,,,,,,,,,,,,,,,,,,,,,,
848,,,,,,,,,,,,,,,,,,,,,,
849,,,,,,,,,,,,,,,,,,,,,,
850,,,,,,,,,,,,,,,,,,,,,,
851,,,,,,,,,,,,,,,,,,,,,,
852,,,,,,,,,,,,,,,,,,,,,,
853,,,,,,,,,,,,,,,,,,,,,,
854,,,,,,,,,,,,,,,,,,,,,,
855,,,,,,,,,,,,,,,,,,,,,,
856,,,,,,,,,,,,,,,,,,,,,,
857,,,,,,,,,,,,,,,,,,,,,,
858,,,,,,,,,,,,,,,,,,,,,,
859,,,,,,,,,,,,,,,,,,,,,,
860,,,,,,,,,,,,,,,,,,,,,,
861,,,,,,,,,,,,,,,,,,,,,,
862,,,,,,,,,,,,,,,,,,,,,,
863,,,,,,,,,,,,,,,,,,,,,,
864,,,,,,,,,,,,,,,,,,,,,,
865,,,,,,,,,,,,,,,,,,,,,,
866,,,,,,,,,,,,,,,,,,,,,,
867,,,,,,,,,,,,,,,,,,,,,,
868,,,,,,,,,,,,,,,,,,,,,,
869,,,,,,,,,,,,,,,,,,,,,,
870,,,,,,,,,,,,,,,,,,,,,,
871,,,,,,,,,,,,,,,,,,,,,,
872,,,,,,,,,,,,,,,,,,,,,,
873,,,,,,,,,,,,,,,,,,,,,,
874,,,,,,,,,,,,,,,,,,,,,,
875,,,,,,,,,,,,,,,,,,,,,,
876,,,,,,,,,,,,,,,,,,,,,,
877,,,,,,,,,,,,,,,,,,,,,,
878,,,,,,,,,,,,,,,,,,,,,,
879,,,,,,,,,,,,,,,,,,,,,,
880,,,,,,,,,,,,,,,,,,,,,,
881,,,,,,,,,,,,,,,,,,,,,,
882,,,,,,,,,,,,,,,,,,,,,,
883,,,,,,,,,,,,,,,,,,,,,,
884,,,,,,,,,,,,,,,,,,,,,,
885,,,,,,,,,,,,,,,,,,,,,,
886,,,,,,,,,,,,,,,,,,,,,,
887,,,,,,,,,,,,,,,,,,,,,,
888,,,,,,,,,,,,,,,,,,,,,,
889,,,,,,,,,,,,,,,,,,,,,,
890,,,,,,,,,,,,,,,,,,,,,,
891,,,,,,,,,,,,,,,,,,,,,,
892,,,,,,,,,,,,,,,,,,,,,,
893,,,,,,,,,,,,,,,,,,,,,,
894,,,,,,,,,,,,,,,,,,,,,,
895,,,,,,,,,,,,,,,,,,,,,,
896,,,,,,,,,,,,,,,,,,,,,,
897,,,,,,,,,,,,,,,,,,,,,,
898,,,,,,,,,,,,,,,,,,,,,,
899,,,,,,,,,,,,,,,,,,,,,,
900,,,,,,,,,,,,,,,,,,,,,,
901,,,,,,,,,,,,,,,,,,,,,,
902,,,,,,,,,,,,,,,,,,,,,,
903,,,,,,,,,,,,,,,,,,,,,,
904,,,,,,,,,,,,,,,,,,,,,,
905,,,,,,,,,,,,,,,,,,,,,,
906,,,,,,,,,,,,,,,,,,,,,,
907,,,,,,,,,,,,,,,,,,,,,,
908,,,,,,,,,,,,,,,,,,,,,,
909,,,,,,,,,,,,,,,,,,,,,,
910,,,,,,,,,,,,,,,,,,,,,,
911,,,,,,,,,,,,,,,,,,,,,,
912,,,,,,,,,,,,,,,,,,,,,,
913,,,,,,,,,,,,,,,,,,,,,,
914,,,,,,,,,,,,,,,,,,,,,,
915,,,,,,,,,,,,,,,,,,,,,,
916,,,,,,,,,,,,,,,,,,,,,,
917,,,,,,,,,,,,,,,,,,,,,,
918,,,,,,,,,,,,,,,,,,,,,,
919,,,,,,,,,,,,,,,,,,,,,,
920,,,,,,,,,,,,,,,,,,,,,,
921,,,,,,,,,,,,,,,,,,,,,,
922,,,,,,,,,,,,,,,,,,,,,,
923,,,,,,,,,,,,,,,,,,,,,,
924,,,,,,,,,,,,,,,,,,,,,,
925,,,,,,,,,,,,,,,,,,,,,,
926,,,,,,,,,,,,,,,,,,,,,,
927,,,,,,,,,,,,,,,,,,,,,,
928,,,,,,,,,,,,,,,,,,,,,,
929,,,,,,,,,,,,,,,,,,,,,,
930,,,,,,,,,,,,,,,,,,,,,,
931,,,,,,,,,,,,,,,,,,,,,,
932,,,,,,,,,,,,,,,,,,,,,,
933,,,,,,,,,,,,,,,,,,,,,,
934,,,,,,,,,,,,,,,,,,,,,,
935,,,,,,,,,,,,,,,,,,,,,,
936,,,,,,,,,,,,,,,,,,,,,,
937,,,,,,,,,,,,,,,,,,,,,,
938,,,,,,,,,,,,,,,,,,,,,,
939,,,,,,,,,,,,,,,,,,,,,,
940,,,,,,,,,,,,,,,,,,,,,,
941,,,,,,,,,,,,,,,,,,,,,,
942,,,,,,,,,,,,,,,,,,,,,,
943,,,,,,,,,,,,,,,,,,,,,,
944,,,,,,,,,,,,,,,,,,,,,,
945,,,,,,,,,,,,,,,,,,,,,,
946,,,,,,,,,,,,,,,,,,,,,,
947,,,,,,,,,,,,,,,,,,,,,,
948,,,,,,,,,,,,,,,,,,,,,,
949,,,,,,,,,,,,,,,,,,,,,,
950,,,,,,,,,,,,,,,,,,,,,,
951,,,,,,,,,,,,,,,,,,,,,,
952,,,,,,,,,,,,,,,,,,,,,,
953,,,,,,,,,,,,,,,,,,,,,,
954,,,,,,,,,,,,,,,,,,,,,,
955,,,,,,,,,,,,,,,,,,,,,,
956,,,,,,,,,,,,,,,,,,,,,,
957,,,,,,,,,,,,,,,,,,,,,,
958,,,,,,,,,,,,,,,,,,,,,,
959,,,,,,,,,,,,,,,,,,,,,,
960,,,,,,,,,,,,,,,,,,,,,,
961,,,,,,,,,,,,,,,,,,,,,,
962,,,,,,,,,,,,,,,,,,,,,,
963,,,,,,,,,,,,,,,,,,,,,,
964,,,,,,,,,,,,,,,,,,,,,,
965,,,,,,,,,,,,,,,,,,,,,,
966,,,,,,,,,,,,,,,,,,,,,,
967,,,,,,,,,,,,,,,,,,,,,,
968,,,,,,,,,,,,,,,,,,,,,,
969,,,,,,,,,,,,,,,,,,,,,,
970,,,,,,,,,,,,,,,,,,,,,,
971,,,,,,,,,,,,,,,,,,,,,,
972,,,,,,,,,,,,,,,,,,,,,,
973,,,,,,,,,,,,,,,,,,,,,,
974,,,,,,,,,,,,,,,,,,,,,,
975,,,,,,,,,,,,,,,,,,,,,,
976,,,,,,,,,,,,,,,,,,,,,,
977,,,,,,,,,,,,,,,,,,,,,,
978,,,,,,,,,,,,,,,,,,,,,,
979,,,,,,,,,,,,,,,,,,,,,,
980,,,,,,,,,,,,,,,,,,,,,,
981,,,,,,,,,,,,,,,,,,,,,,
982,,,,,,,,,,,,,,,,,,,,,,
983,,,,,,,,,,,,,,,,,,,,,,
984,,,,,,,,,,,,,,,,,,,,,,
985,,,,,,,,,,,,,,,,,,,,,,
986,,,,,,,,,,,,,,,,,,,,,,
987,,,,,,,,,,,,,,,,,,,,,,
988,,,,,,,,,,,,,,,,,,,,,,
989,,,,,,,,,,,,,,,,,,,,,,
990,,,,,,,,,,,,,,,,,,,,,,
991,,,,,,,,,,,,,,,,,,,,,,
992,,,,,,,,,,,,,,,,,,,,,,
993,,,,,,,,,,,,,,,,,,,,,,
994,,,,,,,,,,,,,,,,,,,,,,
995,,,,,,,,,,,,,,,,,,,,,,
996,,,,,,,,,,,,,,,,,,,,,,
997,,,,,,,,,,,,,,,,,,,,,,
998,,,,,,,,,,,,,,,,,,,,,,
